Age,Spending,Region,target
,3113018,Urban,Yes
30,3686821,Urban,Yes
25,3910136,,No
,5471600,Rural,Yes
17,4533064,Rural,No
,2785983,Rural,No
17,408588,Rural,Yes
30,4794367,,Yes
,5160054,Urban,Yes
17,663288,Urban,Yes
23,3302441,Urban,No
,6066113,Urban,Yes
21,1184624,Urban,No
39,5868212,Urban,Yes
20,2262078,,Yes
31,4968898,Urban,Yes
21,3211717,Urban,No
45,10040428,Urban,No
32,3736913,,Yes
29,8474687,Urban,Yes
,8188390,Urban,Yes
32,6193729,Urban,Yes
39,3590692,Rural,Yes
27,3445536,Rural,Yes
,2577263,Urban,No
32,4137533,Urban,Yes
16,1025586,Urban,No
21,3502461,Rural,
20,3574332,Urban,No
22,1880766,Rural,No
28,3932507,Urban,Yes
35,7375682,Urban,Yes
42,7557097,Urban,Yes
18,4091417,Rural,No
37,5173519,Urban,Yes
25,6141991,Urban,No
41,8826772,Urban,Yes
19,5103283,Urban,No
29,7092779,Rural,Yes
41,7796473,Urban,Yes
23,2990082,Rural,No
18,3999230,Urban,No
35,6092709,Rural,Yes
15,2881263,Urban,Yes
25,3011458,Urban,No
,6148542,Urban,Yes
23,5702239,Urban,No
34,6090483,Urban,Yes
16,2961613,Urban,No
31,6898590,Urban,Yes
34,8235573,Urban,Yes
17,1345893,Urban,No
45,9174387,Urban,No
22,3914618,Urban,No
29,6495527,Urban,Yes
16,3464479,Urban,No
24,2370648,Urban,Yes
30,8042407,,Yes
31,5756953,Rural,
31,5451896,Urban,Yes
16,2804168,Urban,No
37,6521166,Urban,Yes
41,6343680,Rural,Yes
28,3706239,Urban,Yes
33,3535049,Urban,Yes
33,5497124,Urban,Yes
26,5925055,Urban,Yes
32,2710565,Urban,Yes
43,6831417,Urban,Yes
43,5969081,Urban,Yes
19,2552444,Urban,No
23,3568760,Urban,Yes
29,3132818,Urban,Yes
15,1810996,Urban,No
43,6068890,Urban,
26,2235349,Urban,No
18,3101189,Urban,No
41,8287129,Urban,Yes
42,6064922,,Yes
39,5871233,Rural,Yes
17,4201813,Urban,Yes
,6110680,Urban,Yes
24,2932871,Urban,No
18,6583749,Urban,No
21,6042470,Urban,No
25,2987888,Urban,No
19,3334476,Urban,No
19,1772321,Urban,No
17,2129543,Urban,No
25,3125384,Urban,Yes
29,6589574,Urban,Yes
27,4733352,Urban,No
30,,Urban,Yes
27,7433582,Urban,
32,7288078,Urban,Yes
39,6425175,Urban,Yes
34,5546338,Urban,Yes
22,3728163,Rural,No
30,,Rural,Yes
45,8410473,Urban,No
24,2107954,Urban,No
34,7408604,,Yes
18,4770040,Urban,No
23,2942841,Urban,Yes
26,4749398,Urban,No
24,3477610,Rural,No
35,4950414,Urban,Yes
44,,Urban,Yes
33,5982193,Urban,Yes
15,1061099,Rural,Yes
26,4945576,Urban,No
36,2869520,Urban,Yes
37,4305412,Rural,Yes
44,3342069,Urban,Yes
29,6448748,Rural,Yes
33,8284315,Rural,
17,2006462,Urban,No
17,,Urban,Yes
45,6154147,Urban,No
30,5394105,Urban,Yes
34,5476513,Urban,Yes
41,6337592,Urban,Yes
20,3019971,Urban,Yes
,5940870,Rural,Yes
41,7961734,Urban,Yes
44,8121365,Urban,Yes
25,4708446,,No
23,5535075,Urban,Yes
25,3446291,Urban,Yes
22,3351339,Urban,No
40,7636909,Urban,Yes
38,5541954,Urban,Yes
29,4977467,Urban,Yes
26,3673030,Urban,No
17,1904905,Urban,
15,2120251,Urban,Yes
40,6083336,Urban,Yes
43,6650568,Urban,Yes
23,122546,Urban,No
16,1504631,Urban,No
19,2592355,Urban,No
27,5607754,Urban,No
40,6450351,Rural,Yes
19,2762107,Urban,No
17,2219983,,No
42,7072013,Urban,Yes
18,3824862,Urban,Yes
28,3310760,Urban,Yes
39,6432649,Urban,Yes
29,2817914,Urban,Yes
31,8128917,Rural,Yes
32,2481047,Urban,
23,1612738,Rural,No
41,6485459,Rural,Yes
28,4992185,Urban,Yes
42,6623287,Urban,Yes
33,8349631,Urban,Yes
26,4656124,Urban,No
38,5878766,,Yes
34,5715108,Urban,Yes
22,5523832,Urban,Yes
29,2715603,Rural,Yes
39,5384388,Urban,Yes
31,6038427,Urban,Yes
21,5044434,Urban,Yes
37,5664750,Urban,Yes
23,4727368,Rural,Yes
20,1452662,Urban,Yes
34,5763609,Urban,
37,7260992,Urban,Yes
23,3307443,Urban,Yes
40,5463834,,Yes
36,3828670,Rural,Yes
21,2231606,Rural,No
21,4518548,Urban,Yes
40,5620429,Rural,Yes
31,3750057,Urban,Yes
27,2557512,Rural,No
,2829738,Urban,Yes
21,5808057,Rural,No
36,6370478,Urban,Yes
36,,Urban,Yes
26,6472057,Urban,No
40,5637348,Urban,Yes
42,8036528,Urban,Yes
29,3556268,Rural,Yes
33,6238648,Urban,Yes
31,4112743,,Yes
33,8630812,Urban,Yes
30,3536449,Urban,
45,10537274,Urban,No
37,6715007,Urban,Yes
,5714062,Urban,Yes
18,,Rural,No
43,7308143,Rural,Yes
17,2408062,Urban,No
37,7492033,Rural,Yes
34,7250155,Urban,Yes
23,5162904,Rural,No
45,7658952,Urban,No
37,4577916,Urban,Yes
45,5902717,Urban,No
32,7932106,Urban,Yes
23,,Rural,No
27,2579279,Urban,No
24,3778460,Rural,
34,7466954,Rural,Yes
22,2839653,Rural,Yes
43,7778146,,Yes
15,3917601,Urban,No
43,9593105,Rural,Yes
21,432143,Urban,Yes
28,5351460,Urban,Yes
35,6161266,Urban,Yes
41,6209373,Urban,Yes
23,3145545,Urban,Yes
27,6415905,Urban,No
18,3664402,Urban,No
34,4765149,Urban,Yes
17,283965,Urban,Yes
25,4900957,Urban,No
35,4820136,Urban,Yes
15,3619672,Rural,No
24,3391032,Urban,
44,6945057,Rural,Yes
39,6940464,Rural,Yes
28,4453819,Urban,Yes
43,5980928,Urban,Yes
35,4673739,Urban,Yes
34,6337967,Rural,Yes
41,7207811,Urban,Yes
37,6521704,Urban,Yes
29,4149717,Urban,Yes
33,2871649,Urban,Yes
42,8025253,Urban,Yes
24,6155239,Urban,No
35,4334029,Urban,Yes
37,7992461,Urban,Yes
24,3950551,Urban,No
42,4805287,Urban,Yes
15,4073652,Urban,No
21,5496866,Urban,No
25,6218891,Urban,
16,3360411,Urban,No
19,3055573,Urban,No
24,5760899,Urban,Yes
28,5023145,Urban,Yes
43,5778539,Urban,Yes
20,3967715,Urban,No
18,2353150,Rural,No
45,4950073,Urban,Yes
32,5539808,Rural,Yes
23,4035068,Urban,No
28,2468613,Urban,Yes
25,5112872,Urban,No
27,5624406,Urban,No
23,4205304,Urban,No
35,6379480,Urban,Yes
45,6984869,Rural,No
23,1995146,Urban,No
22,2427057,Rural,Yes
25,3479964,Urban,No
44,4387557,Urban,Yes
17,182118,Rural,
42,,Urban,Yes
33,5313689,Urban,Yes
33,6151777,Urban,Yes
,6242265,Urban,Yes
45,11050385,Rural,No
40,8464829,Urban,Yes
24,1635575,Rural,Yes
21,4371121,Rural,Yes
44,7759408,Rural,Yes
45,8481483,Urban,No
20,3232204,Urban,No
35,4536449,Urban,Yes
38,5077209,Urban,Yes
22,2481050,Urban,No
45,8607595,Urban,No
44,7918214,Urban,Yes
24,3145871,Urban,No
32,5395953,Urban,Yes
31,3692022,Urban,
34,9593315,Urban,Yes
33,5833120,Urban,Yes
27,4946670,Rural,No
19,3717333,Rural,No
41,6449000,Urban,Yes
32,6381187,Rural,Yes
37,3998281,Urban,Yes
39,4192640,Rural,Yes
41,7107500,Rural,Yes
20,2984625,Rural,No
40,4170955,Urban,Yes
30,4262107,Rural,Yes
41,6442085,Rural,Yes
39,8274910,Urban,Yes
16,2119734,Urban,No
28,1255774,Urban,
37,4044525,Urban,Yes
43,6946081,Urban,Yes
21,5348858,Rural,No
33,3765574,Urban,Yes
32,6142519,Urban,Yes
44,6551695,Urban,Yes
43,5806980,Urban,Yes
17,5914989,Urban,No
23,2770975,Urban,Yes
23,2040761,Urban,No
16,117958,Urban,No
27,4329489,Urban,Yes
33,3409821,Urban,Yes
38,4196666,Urban,Yes
31,7370745,Urban,
21,4318464,Urban,Yes
23,2750874,Rural,Yes
26,1677735,Urban,Yes
33,6172262,Urban,Yes
35,1052901,Rural,Yes
18,652072,Rural,No
16,4683532,Urban,No
21,3560102,Urban,Yes
19,2956822,Urban,No
23,4463730,Urban,No
41,6482914,Rural,Yes
40,6111852,Urban,Yes
20,3123098,Urban,No
44,5712601,Rural,Yes
35,9469402,Rural,Yes
37,5245121,Rural,
29,5147121,Rural,Yes
41,5989270,Urban,Yes
45,6339501,Urban,No
41,3367510,Urban,Yes
16,263040,Urban,No
40,7734664,Urban,Yes
16,3055992,Urban,No
39,6193738,Urban,Yes
19,805041,Rural,No
36,7713334,Rural,Yes
35,2768262,Rural,Yes
39,5555601,Urban,Yes
27,2166341,Rural,No
29,3437849,Urban,Yes
19,3150652,Urban,
31,2301632,Urban,Yes
40,5500791,Urban,Yes
33,5716688,Urban,Yes
27,5990767,Urban,No
38,3236566,Urban,Yes
20,2395437,Urban,No
17,2106913,Urban,No
25,3088540,Urban,No
40,6870794,Urban,Yes
23,2081656,Urban,No
22,3530832,Urban,No
41,5812141,Urban,Yes
32,6438217,Rural,Yes
16,1208808,Urban,No
44,5932250,Urban,Yes
43,,Urban,Yes
33,4013394,Urban,
34,7739663,Urban,Yes
32,3272620,Urban,Yes
,5615625,Urban,Yes
16,2892043,Urban,No
42,10143576,Urban,Yes
25,8023440,Urban,Yes
43,7748907,Urban,Yes
24,5367906,Urban,No
44,8049695,Urban,Yes
18,4834722,Urban,No
45,6924803,Urban,No
36,7329868,Urban,Yes
35,8046483,Rural,Yes
40,5530991,Urban,Yes
31,4229381,Urban,Yes
44,6492256,Urban,Yes
41,6614626,Urban,Yes
35,5144411,Urban,Yes
31,4038193,Rural,Yes
43,5030780,Rural,Yes
38,7122026,Rural,Yes
25,4039380,Urban,No
33,2518420,Urban,Yes
15,3019775,Urban,
44,7013685,Urban,Yes
24,1494520,Urban,No
24,2927870,Urban,No
22,3187972,Rural,No
45,6124520,Urban,Yes
25,4216769,Urban,No
18,3001134,Urban,No
35,3798914,Urban,Yes
23,1875118,Rural,No
18,5982114,Urban,No
33,4276060,Urban,Yes
36,6122636,Urban,Yes
42,6099439,Urban,Yes
37,5907004,Urban,Yes
23,5674943,Urban,No
35,6451661,Urban,Yes
32,5553943,Urban,Yes
29,6485353,Urban,Yes
37,7273297,Urban,Yes
19,1224106,Urban,No
39,7304043,Rural,Yes
17,3500128,Rural,No
25,4270174,Urban,No
16,2576737,Rural,No
28,4649703,Urban,Yes
40,6439176,Urban,Yes
21,3254341,Rural,No
25,7935878,Rural,No
34,4162058,Rural,Yes
20,2458254,Urban,No
34,1799724,Urban,Yes
34,5056900,Rural,Yes
42,7611088,Rural,Yes
36,5811849,Urban,Yes
45,7268458,Urban,No
30,5311687,Rural,Yes
24,4513856,Urban,No
17,1588034,Urban,Yes
32,6765818,Urban,Yes
39,4540926,Urban,Yes
37,4493030,Rural,Yes
42,7215706,Urban,Yes
20,2325326,Urban,No
28,5581432,Urban,Yes
16,3797151,Urban,No
15,900136,Urban,No
22,2568983,Rural,No
37,5523068,Urban,Yes
26,4095141,Rural,No
44,7371700,Urban,Yes
32,5539748,Urban,Yes
34,6791359,Urban,Yes
28,2951983,Rural,Yes
34,5454616,Rural,Yes
35,3189723,Urban,Yes
26,3460595,Urban,No
33,4336539,Rural,Yes
15,233680,Rural,No
32,5090779,Urban,Yes
33,5754499,Urban,Yes
30,6161560,Urban,Yes
19,163963,Urban,No
19,2054305,Urban,No
36,3402012,Urban,Yes
22,3961797,Urban,No
39,8114342,Urban,Yes
20,2418200,Urban,No
26,4943158,Rural,No
36,7323609,Urban,Yes
16,3553111,Urban,No
45,6929276,Urban,No
44,4551272,Rural,Yes
22,4461113,Rural,No
32,7494072,Urban,Yes
42,8144058,Urban,Yes
34,5144234,Urban,Yes
30,3798373,Urban,Yes
21,4252716,Urban,No
16,3556522,Rural,No
36,5882906,Urban,Yes
16,3852387,Urban,Yes
23,2501520,Urban,No
34,5624182,Urban,Yes
20,981352,Urban,No
34,4663872,Urban,Yes
24,4434801,Urban,No
21,14361,Urban,Yes
34,7302467,Urban,Yes
20,4454343,Urban,Yes
21,2381675,Urban,No
27,4338735,Rural,No
22,991155,Urban,No
45,5132817,Urban,No
27,4370587,Urban,No
40,6900740,Urban,Yes
16,1920744,Urban,Yes
24,3101245,Rural,No
26,6276040,Urban,No
26,4302105,Urban,Yes
28,9169480,Urban,Yes
16,962393,Urban,No
17,3731470,Urban,Yes
40,5917620,Urban,Yes
26,3119222,Urban,Yes
29,5015597,Rural,Yes
33,6678098,Urban,Yes
32,3669156,Urban,Yes
16,3300051,Urban,No
44,7716978,Urban,Yes
15,198084,Rural,Yes
32,4778587,Urban,Yes
45,7247134,Urban,No
38,4415329,Urban,Yes
41,7531153,Rural,Yes
22,3972807,Urban,No
25,4611747,Urban,No
29,6649254,Urban,Yes
15,3646517,Urban,No
22,3770551,Urban,No
41,5779206,Urban,Yes
23,3938757,Rural,No
27,5783139,Rural,No
45,6561226,Urban,No
25,2312345,Urban,No
31,6785957,Urban,Yes
31,10595707,Urban,Yes
22,5659492,Urban,No
21,6151609,Rural,No
27,1744732,Urban,Yes
40,5643422,Urban,Yes
31,1929629,Urban,Yes
44,9481990,Urban,Yes
34,4145777,Urban,Yes
26,2057035,Urban,No
20,5284315,Urban,Yes
28,3336915,Urban,Yes
18,2772217,Urban,No
20,6229622,Urban,No
27,3621810,Urban,Yes
29,4899874,Urban,Yes
38,7027428,Urban,Yes
29,3099805,Urban,Yes
22,3576528,Urban,No
23,3691125,Rural,Yes
15,4665526,Urban,No
21,1761442,Urban,No
23,5445105,Urban,Yes
21,3433046,Urban,No
18,1353774,Urban,No
39,7396161,Rural,Yes
34,5893334,Urban,Yes
30,2689946,Urban,Yes
29,1917806,Urban,Yes
15,2718934,Urban,No
28,4577946,Rural,Yes
30,6036045,Rural,Yes
31,5448778,Urban,Yes
28,1784724,Urban,Yes
28,4479539,Rural,Yes
41,6816023,Urban,Yes
17,3927472,Urban,Yes
16,440741,Rural,Yes
24,3579531,Urban,No
15,179851,Urban,Yes
23,3634089,Urban,No
28,2383960,Urban,Yes
18,1561348,Urban,No
23,4102429,Urban,No
24,4589605,Rural,No
29,6324367,Urban,Yes
42,4683313,Rural,Yes
41,8015637,Urban,Yes
29,4388367,Rural,Yes
33,5103406,Urban,Yes
40,5550036,Urban,Yes
23,5003708,Urban,No
23,4314496,Rural,Yes
17,1634606,Urban,No
36,5230694,Urban,Yes
42,8209175,Rural,Yes
44,6159454,Urban,Yes
19,4188574,Urban,No
25,3003245,Rural,No
38,6020820,Urban,Yes
36,7201789,Urban,Yes
15,609850,Rural,No
27,7039723,Urban,No
26,3625401,Urban,No
45,6557761,Urban,No
26,5650528,Rural,Yes
27,5483027,Urban,Yes
19,1253138,Rural,No
42,6704409,Rural,Yes
22,2528206,Urban,No
19,1884783,Urban,No
17,4325785,Urban,Yes
37,7573376,Rural,Yes
32,4393313,Urban,Yes
34,7764449,Urban,Yes
22,2487424,Rural,No
26,3448510,Urban,No
45,8463744,Rural,No
20,6104857,Urban,No
45,5194556,Urban,No
16,3425277,Urban,No
40,8457265,Rural,Yes
45,5059985,Urban,No
16,1293954,Urban,Yes
19,3052641,Urban,No
19,4408507,Urban,No
16,2121423,Urban,No
37,4723916,Urban,Yes
22,2929701,Urban,No
30,3380442,Urban,Yes
17,1572667,Urban,Yes
16,6524091,Rural,No
33,4040536,Urban,Yes
40,4567539,Urban,Yes
28,2163482,Urban,Yes
20,6239855,Urban,No
17,2642022,Rural,No
45,5873521,Urban,No
26,3940201,Urban,No
45,9309591,Urban,No
39,9718423,Urban,Yes
25,2217966,Rural,No
30,3905414,Urban,Yes
21,3161236,Urban,No
43,7339510,Rural,Yes
27,3775913,Urban,No
33,4831048,Rural,Yes
24,3792713,Urban,Yes
22,3148093,Rural,No
43,7915404,Urban,Yes
26,5815674,Rural,No
27,3848064,Urban,No
43,10333323,Urban,Yes
41,8677793,Rural,Yes
27,5857288,Urban,No
44,7830617,Urban,Yes
41,6815607,Rural,Yes
36,6870960,Urban,Yes
17,1231301,Rural,No
33,4518713,Urban,Yes
24,5534270,Urban,No
17,2614735,Urban,Yes
34,5224393,Urban,Yes
37,7904877,Urban,Yes
21,868879,Urban,Yes
24,6007638,Urban,Yes
29,2451686,Urban,Yes
41,7428690,Urban,Yes
17,1080884,Rural,No
20,3021419,Urban,No
41,7482439,Rural,Yes
33,4394707,Urban,Yes
39,4614396,Urban,Yes
23,1412153,Urban,No
40,5614175,Urban,Yes
35,3253567,Urban,Yes
30,3196003,Rural,Yes
35,7356957,Urban,Yes
30,4916687,Urban,Yes
20,3835588,Urban,No
31,3759260,Urban,Yes
34,7231814,Urban,Yes
20,2226232,Urban,Yes
27,3238728,Rural,No
41,4179239,Urban,Yes
15,4398077,Rural,No
20,974074,Urban,No
21,1278074,Urban,No
17,4200485,Urban,No
28,5556366,Urban,Yes
38,4150228,Urban,Yes
20,4554330,Urban,Yes
24,3753024,Urban,No
38,5643212,Urban,Yes
25,5670295,Urban,No
39,5438746,Urban,Yes
43,6451934,Urban,Yes
27,6918345,Urban,No
15,4018711,Rural,No
44,6146279,Rural,Yes
44,6377950,Urban,Yes
36,6715962,Urban,Yes
43,7401201,Urban,Yes
44,7835465,Urban,Yes
40,7007874,Urban,Yes
29,5528497,Rural,Yes
16,4272718,Rural,No
41,6267772,Urban,Yes
45,6915924,Urban,Yes
43,4923098,Urban,Yes
34,4753993,Urban,Yes
29,4869667,Urban,Yes
35,6697464,Urban,Yes
18,4352783,Urban,No
35,6568924,Urban,Yes
38,6473999,Urban,Yes
16,2677532,Rural,No
31,6667135,Urban,Yes
29,1897823,Rural,Yes
34,4678644,Urban,Yes
32,2406915,Urban,Yes
15,2131664,Urban,No
20,5766888,Urban,No
24,1418001,Urban,No
40,3304483,Urban,Yes
27,4330602,Urban,Yes
43,4625292,Rural,Yes
43,5813381,Urban,Yes
35,5921732,Rural,Yes
23,4670394,Urban,No
24,3986448,Urban,Yes
29,2706987,Rural,Yes
25,97926,Urban,No
45,10592472,Urban,No
16,3303219,Urban,No
42,5748365,Urban,Yes
23,610343,Urban,No
34,7895746,Rural,Yes
18,2305610,Rural,Yes
34,7760750,Rural,Yes
34,3582355,Urban,Yes
36,5974024,Urban,Yes
41,8120867,Urban,Yes
38,8064837,Urban,Yes
23,2577911,Urban,No
44,4956631,Rural,Yes
15,3158627,Urban,No
32,4796194,Urban,Yes
21,5387383,Urban,Yes
27,4245957,Urban,Yes
18,1967955,Urban,No
38,9423699,Urban,Yes
24,3598715,Urban,No
24,7810444,Urban,No
18,336965,Rural,Yes
36,5550793,Urban,Yes
26,4853427,Urban,No
17,3359670,Urban,No
26,3788402,Rural,No
38,6137243,Urban,Yes
37,5416853,Urban,Yes
18,3527114,Urban,No
37,3046963,Rural,Yes
42,5786936,Urban,Yes
34,6060045,Urban,Yes
35,5339366,Urban,Yes
23,950526,Urban,Yes
17,4461471,Urban,No
20,3626472,Urban,No
36,4731765,Rural,Yes
18,3543351,Urban,Yes
27,4544957,Urban,Yes
24,5349968,Rural,No
34,5709226,Urban,Yes
31,2050710,Urban,Yes
30,4105301,Urban,Yes
37,8218049,Urban,Yes
44,5942106,Urban,Yes
34,5998952,Rural,Yes
20,4884388,Urban,Yes
40,3814646,Urban,Yes
43,8099594,Urban,Yes
15,208924,Rural,Yes
40,4871479,Urban,Yes
28,5684526,Rural,Yes
15,2827322,Urban,No
36,6396463,Urban,Yes
25,3007589,Rural,No
41,7592591,Urban,Yes
27,3755901,Urban,No
18,2367556,Rural,No
27,5623255,Urban,No
19,5223201,Urban,No
37,5520680,Urban,Yes
43,8184864,Urban,Yes
19,2814981,Urban,No
24,4709199,Urban,No
28,3397920,Urban,Yes
35,5241240,Urban,Yes
42,5602257,Urban,Yes
43,7968907,Urban,Yes
44,6939981,Urban,Yes
41,5918562,Urban,Yes
16,3512801,Urban,No
45,9695784,Urban,No
22,5059990,Urban,No
30,7394557,Urban,Yes
22,174108,Urban,No
26,7008816,Urban,No
38,6994986,Urban,Yes
45,5034065,Urban,Yes
38,4198575,Urban,Yes
20,5152303,Urban,No
15,997414,Urban,No
44,7924606,Urban,Yes
36,6640937,Rural,Yes
22,5223033,Rural,Yes
44,3078478,Urban,Yes
33,3120114,Rural,Yes
18,2558641,Urban,No
33,3212596,Urban,Yes
16,2346272,Urban,No
27,5216383,Rural,Yes
29,4491374,Rural,Yes
32,5163506,Urban,Yes
41,6901107,Urban,Yes
23,3447429,Rural,No
40,7317782,Urban,Yes
38,5901186,Urban,Yes
38,6401696,Urban,Yes
32,3360287,Rural,Yes
34,5656424,Urban,Yes
18,2440754,Urban,No
36,6803377,Urban,Yes
34,5249327,Rural,Yes
38,7199132,Urban,Yes
43,7180548,Rural,Yes
16,4592408,Urban,No
32,5184922,Rural,Yes
23,3654593,Urban,No
32,5302830,Urban,Yes
37,5363967,Urban,Yes
39,4117132,Urban,Yes
23,4956330,Urban,No
16,2284018,Urban,No
41,9104882,Urban,Yes
38,5437512,Urban,Yes
30,4813933,Rural,Yes
22,4681653,Urban,Yes
39,5560887,Urban,Yes
38,6088118,Urban,Yes
34,4129084,Urban,Yes
39,5970732,Rural,Yes
34,4633370,Rural,Yes
43,8474336,Urban,Yes
28,3379369,Urban,Yes
29,4556805,Urban,Yes
43,8693989,Urban,Yes
26,5123233,Urban,No
26,3555279,Rural,No
41,5231772,Rural,Yes
38,4462326,Urban,Yes
30,5655223,Urban,Yes
34,7515102,Urban,Yes
19,2146199,Urban,Yes
33,2808932,Urban,Yes
39,5483083,Urban,Yes
31,3085740,Urban,Yes
20,5224185,Urban,No
19,2742491,Urban,No
39,4583925,Urban,Yes
29,3319059,Urban,Yes
31,4309057,Rural,Yes
30,4714878,Urban,Yes
29,6289615,Urban,Yes
28,5762858,Rural,Yes
43,6852353,Urban,Yes
40,6565686,Rural,Yes
34,5748957,Urban,Yes
30,3028778,Rural,Yes
17,4373944,Rural,No
33,4246608,Rural,Yes
30,4987553,Rural,Yes
21,4312019,Urban,Yes
33,6126079,Urban,Yes
28,3009269,Urban,Yes
43,8262015,Urban,Yes
15,3169893,Rural,No
23,2877310,Rural,No
23,4659494,Urban,Yes
41,5712656,Rural,Yes
28,5391204,Urban,Yes
34,4530070,Urban,Yes
22,4602918,Urban,No
45,5232573,Urban,Yes
19,2407957,Rural,Yes
23,1958995,Urban,No
39,5603263,Urban,Yes
39,6137155,Urban,Yes
33,5249749,Urban,Yes
31,7547386,Rural,Yes
23,4259480,Urban,No
37,4681083,Urban,Yes
41,7145211,Urban,Yes
38,7593605,Urban,Yes
33,5453202,Urban,Yes
22,800792,Rural,Yes
24,5762982,Urban,No
35,4201203,Urban,Yes
24,1394987,Urban,Yes
41,3779387,Urban,Yes
33,4861998,Urban,Yes
18,1858781,Urban,No
41,5817061,Urban,Yes
27,5815987,Urban,No
27,6130015,Urban,No
17,1885095,Urban,No
18,3670352,Urban,Yes
37,4403462,Urban,Yes
26,2755094,Urban,No
43,6690646,Urban,Yes
45,7127054,Rural,Yes
25,3316408,Urban,No
44,6542028,Urban,Yes
26,4443781,Urban,No
43,5490764,Rural,Yes
34,5664759,Rural,Yes
45,7029665,Rural,No
45,8326709,Rural,Yes
25,4179243,Urban,Yes
40,6352561,Urban,Yes
43,5173939,Urban,Yes
43,3532268,Urban,Yes
39,7011200,Urban,Yes
41,5532998,Urban,Yes
30,5621900,Urban,Yes
35,7663006,Urban,Yes
36,4463003,Rural,Yes
34,6979092,Urban,Yes
29,3897082,Urban,Yes
21,2127960,Rural,No
15,1364038,Rural,Yes
44,6577278,Urban,Yes
38,2723239,Rural,Yes
44,5958716,Urban,Yes
30,5041170,Urban,Yes
33,3670459,Urban,Yes
45,6530564,Urban,No
40,5614279,Urban,Yes
29,6547672,Urban,Yes
27,2468760,Urban,Yes
15,3840907,Urban,Yes
29,4948980,Urban,Yes
43,7169835,Urban,Yes
15,2703406,Urban,No
30,4121955,Urban,Yes
18,4267031,Rural,No
31,8606791,Rural,Yes
20,2281990,Urban,No
33,5569064,Urban,Yes
39,4250743,Urban,Yes
33,7138014,Urban,Yes
34,4918642,Urban,Yes
22,4645711,Urban,No
20,1763402,Urban,No
25,4755211,Urban,No
16,2750618,Urban,Yes
25,3130422,Urban,No
34,3721902,Urban,Yes
35,4545571,Urban,Yes
23,2986079,Urban,Yes
27,6023195,Urban,No
26,1387415,Urban,Yes
39,6661249,Urban,Yes
20,3852975,Rural,No
35,5668574,Urban,Yes
17,4291764,Rural,No
20,823377,Rural,Yes
42,4867660,Urban,Yes
16,1443034,Urban,No
24,4323895,Urban,No
35,6174979,Urban,Yes
39,4446006,Rural,Yes
28,2811614,Urban,Yes
23,5340983,Urban,No
19,3308490,Urban,Yes
20,1537576,Rural,No
42,5880483,Rural,Yes
37,4478114,Urban,Yes
27,6850355,Urban,No
35,10067870,Urban,Yes
35,6208972,Urban,Yes
30,1258643,Urban,Yes
25,4490944,Urban,No
26,2941565,Urban,No
37,3822342,Urban,Yes
45,6569901,Urban,Yes
35,6037752,Urban,Yes
37,5699879,Urban,Yes
29,4025196,Urban,Yes
44,6807499,Urban,Yes
40,6246606,Urban,Yes
22,490634,Urban,No
15,1210659,Urban,No
27,1907550,Urban,No
36,5115322,Urban,Yes
34,9325202,Rural,Yes
39,3412260,Urban,Yes
39,7117414,Urban,Yes
31,4793861,Urban,Yes
40,6568104,Rural,Yes
22,5112135,Rural,No
32,5836885,Urban,Yes
30,7769347,Urban,Yes
36,5581398,Urban,Yes
23,427193,Rural,Yes
16,4008328,Rural,No
29,2356639,Urban,Yes
36,7937642,Urban,Yes
26,4293097,Urban,No
26,5033976,Urban,No
18,1160014,Urban,Yes
31,6769703,Urban,Yes
24,4503708,Urban,No
22,4343045,Urban,No
22,2631692,Urban,Yes
33,5256690,Urban,Yes
24,3267844,Rural,Yes
39,8973680,Rural,Yes
29,4148730,Urban,Yes
21,2053560,Urban,No
41,5773195,Urban,Yes
33,4055336,Urban,Yes
16,1662233,Rural,No
19,2484868,Urban,No
34,7680496,Urban,Yes
16,2966293,Rural,No
36,5752502,Urban,Yes
19,3787525,Urban,No
23,5888696,Urban,No
44,8777104,Urban,Yes
36,6820954,Urban,Yes
34,3447035,Rural,Yes
40,8301406,Urban,Yes
32,5929454,Urban,Yes
21,3912249,Urban,No
16,3850440,Urban,No
36,5348619,Urban,Yes
36,4948276,Urban,Yes
39,6325637,Urban,Yes
28,2355432,Rural,Yes
37,2697937,Rural,Yes
23,5910035,Urban,No
23,6249881,Rural,No
28,6420955,Urban,Yes
36,7199314,Urban,Yes
28,4029430,Urban,Yes
16,1719846,Urban,Yes
27,4969552,Rural,No
38,5930046,Rural,Yes
39,5605110,Urban,Yes
32,2753331,Urban,Yes
25,5089273,Urban,No
34,6588261,Rural,Yes
22,4002386,Urban,No
29,3754821,Rural,Yes
43,5599685,Rural,Yes
20,1365460,Urban,No
23,3760921,Urban,No
36,4388731,Urban,Yes
16,5443451,Urban,Yes
23,3947573,Urban,No
40,4603171,Urban,Yes
38,8205093,Urban,Yes
16,1917868,Rural,No
38,3833146,Urban,Yes
23,2968339,Urban,No
19,698869,Urban,Yes
32,5485295,Urban,Yes
36,4888350,Urban,Yes
30,4954173,Urban,Yes
22,497011,Urban,Yes
38,7710138,Rural,Yes
29,5471643,Urban,Yes
37,6449427,Rural,Yes
36,6175315,Urban,Yes
26,4983989,Urban,No
26,6131772,Urban,No
33,5380864,Urban,Yes
24,2922407,Rural,No
18,2148629,Urban,Yes
25,6110995,Rural,Yes
41,2936038,Urban,Yes
35,5426359,Urban,Yes
16,4647940,Urban,No
28,3957457,Rural,Yes
21,2080278,Urban,No
21,4672595,Urban,No
43,6571990,Urban,Yes
29,3493455,Urban,Yes
39,9455673,Urban,Yes
35,7147224,Urban,Yes
43,3881732,Urban,Yes
16,2320170,Urban,No
19,4958845,Urban,Yes
43,5021432,Rural,Yes
22,996587,Rural,No
21,3883651,Rural,No
15,3268605,Urban,Yes
27,6127061,Urban,No
28,5493104,Urban,Yes
34,7878252,Urban,Yes
34,6061524,Urban,Yes
38,5030039,Rural,Yes
39,6635874,Rural,Yes
39,6250639,Urban,Yes
16,3128711,Urban,Yes
26,3367817,Rural,No
16,3082873,Urban,Yes
34,5002368,Urban,Yes
29,7725715,Rural,Yes
19,2715621,Urban,Yes
25,2313931,Rural,No
16,4890424,Urban,No
38,2863257,Urban,Yes
38,4857804,Urban,Yes
15,3924619,Rural,Yes
29,8846606,Urban,Yes
15,1560586,Rural,No
38,7554523,Urban,Yes
19,1257582,Urban,Yes
30,5022381,Rural,Yes
20,6054826,Rural,Yes
42,9008790,Urban,Yes
36,5464773,Rural,Yes
32,5160423,Urban,Yes
29,5978973,Rural,Yes
18,2993087,Urban,No
23,3559315,Rural,No
29,2733515,Urban,Yes
38,5765666,Rural,Yes
21,1797981,Urban,No
37,4128554,Rural,Yes
18,656780,Urban,No
15,1838283,Rural,No
22,1668532,Urban,No
38,6330109,Rural,Yes
32,7276347,Urban,Yes
37,5504955,Urban,Yes
20,4896157,Urban,No
39,8260858,Urban,Yes
22,5175510,Urban,No
30,2885671,Urban,Yes
41,6785221,Urban,Yes
28,3029243,Urban,Yes
39,8232888,Rural,Yes
38,4418429,Rural,Yes
39,4409746,Urban,Yes
23,4191595,Urban,Yes
28,2177627,Urban,Yes
28,6325434,Urban,Yes
21,2071871,Urban,Yes
22,605001,Urban,Yes
29,6569381,Urban,Yes
26,4478046,Rural,No
36,6234450,Urban,Yes
26,4964271,Rural,No
35,4027871,Rural,Yes
27,5551582,Urban,No
17,3724617,Urban,No
41,6895298,Rural,Yes
44,5823206,Rural,Yes
31,4780449,Rural,Yes
24,3257705,Rural,No
29,3449690,Rural,Yes
24,2791021,Urban,No
43,5080117,Rural,Yes
34,3615070,Rural,Yes
25,2179875,Rural,Yes
31,3062340,Rural,Yes
16,3403144,Urban,No
43,6638979,Urban,Yes
31,1653136,Rural,Yes
39,3588079,Rural,Yes
32,5032820,Rural,Yes
17,5497487,Urban,Yes
33,5943678,Urban,Yes
32,4186643,Rural,Yes
39,7316735,Rural,Yes
39,4929881,Rural,Yes
39,6356592,Rural,Yes
42,4824060,Urban,Yes
18,1367588,Urban,No
31,5411300,Rural,Yes
24,1280911,Rural,No
18,4669037,Rural,No
32,3150369,Urban,Yes
34,6092628,Urban,Yes
43,6680718,Urban,Yes
34,7200823,Rural,Yes
37,6790958,Rural,Yes
26,2856699,Rural,Yes
17,4017548,Rural,No
17,2339843,Rural,No
41,5235530,Urban,Yes
38,5279798,Rural,Yes
15,4653240,Rural,No
37,6718960,Rural,Yes
16,3287057,Urban,Yes
18,6142603,Urban,No
36,5419427,Urban,Yes
34,7463288,Urban,Yes
21,785469,Urban,Yes
19,675554,Rural,No
33,3659662,Urban,Yes
43,7583028,Rural,Yes
43,7364039,Urban,Yes
24,5223420,Urban,No
28,4903087,Urban,Yes
27,4714505,Urban,No
25,2774049,Rural,No
15,667711,Urban,Yes
39,7547280,Urban,Yes
39,7526758,Rural,Yes
16,2264904,Urban,No
29,3202945,Urban,Yes
21,4774330,Rural,No
33,4414296,Urban,Yes
26,4359043,Urban,No
34,5468123,Urban,Yes
38,5075515,Rural,Yes
33,4726008,Rural,Yes
36,4536713,Rural,Yes
36,6920129,Urban,Yes
27,4974226,Urban,Yes
34,3858882,Urban,Yes
29,3574951,Urban,Yes
19,3886595,Urban,No
19,2572666,Urban,No
28,4576354,Rural,Yes
19,3175377,Urban,No
19,3271311,Rural,No
43,6222665,Urban,Yes
36,3584373,Urban,Yes
40,7993675,Rural,Yes
30,4007133,Urban,Yes
34,4693494,Urban,Yes
39,6786026,Urban,Yes
41,6736095,Rural,Yes
44,9440195,Urban,Yes
33,4498575,Rural,Yes
34,7371386,Urban,Yes
19,2885705,Rural,No
32,7342051,Urban,Yes
35,6917378,Rural,Yes
19,3664804,Rural,Yes
22,2565818,Rural,No
15,2471254,Rural,No
25,3510681,Urban,No
32,3014344,Rural,Yes
17,5113715,Rural,No
45,8257797,Rural,Yes
16,5282693,Urban,Yes
29,7603948,Urban,Yes
44,7074566,Rural,Yes
37,5793293,Urban,Yes
41,5702476,Urban,Yes
31,2799678,Urban,Yes
40,3996030,Rural,Yes
33,3523301,Urban,Yes
24,4061484,Urban,No
37,4816223,Urban,Yes
15,1035356,Rural,No
16,774167,Urban,No
29,5233512,Rural,Yes
22,2754543,Rural,Yes
41,8338380,Urban,Yes
36,4233914,Rural,Yes
21,774036,Urban,No
29,6153481,Rural,Yes
42,7250986,Urban,Yes
42,5571996,Rural,Yes
30,3079176,Rural,Yes
31,7401803,Rural,Yes
17,3051210,Rural,No
28,5668415,Urban,Yes
26,1067094,Urban,Yes
39,6566722,Urban,Yes
39,4716080,Rural,Yes
21,3092655,Urban,No
30,2914872,Rural,Yes
17,3052575,Rural,Yes
39,5591449,Rural,Yes
31,4124644,Rural,Yes
45,6514228,Urban,No
39,5789385,Rural,Yes
40,5613061,Rural,Yes
39,3795887,Rural,Yes
45,4616305,Urban,No
39,4766840,Rural,Yes
42,6162219,Rural,Yes
23,3121376,Rural,Yes
24,3656838,Rural,Yes
22,2216933,Rural,No
29,5075559,Rural,Yes
32,4296828,Rural,Yes
15,6675658,Rural,No
37,6122815,Rural,Yes
16,2504307,Rural,No
42,5911805,Urban,Yes
45,8079857,Rural,Yes
41,3993333,Urban,Yes
44,3567681,Rural,Yes
39,5821880,Rural,Yes
26,5200474,Urban,No
44,6298085,Urban,Yes
34,5885267,Rural,Yes
19,3368354,Rural,No
17,3227593,Rural,No
45,7104007,Rural,No
18,4255239,Rural,No
37,6701631,Urban,Yes
28,3698826,Rural,Yes
23,3543469,Urban,No
45,4747151,Urban,No
31,4741851,Rural,Yes
36,5835324,Urban,Yes
32,4537707,Urban,Yes
32,4147014,Rural,Yes
39,5808942,Urban,Yes
16,1885879,Urban,No
24,4136525,Urban,Yes
42,5438276,Urban,Yes
34,6819695,Urban,Yes
32,4217259,Rural,Yes
32,4670731,Rural,Yes
35,6758304,Urban,Yes
32,5386047,Urban,Yes
18,4167536,Rural,Yes
21,3948230,Urban,No
16,1807363,Rural,Yes
31,4239788,Urban,Yes
42,4498445,Urban,Yes
18,2239870,Urban,No
17,4864244,Rural,No
26,4936378,Urban,No
17,3230711,Urban,No
17,4321447,Urban,No
29,4087926,Rural,Yes
32,4761269,Rural,Yes
34,5472037,Rural,Yes
37,5796805,Rural,Yes
21,4578868,Rural,No
22,4017229,Rural,No
34,4214242,Rural,Yes
41,6891898,Rural,Yes
20,3904951,Rural,No
44,7395249,Rural,Yes
22,3033698,Urban,Yes
23,3382846,Urban,No
16,530113,Rural,No
44,5817074,Urban,Yes
41,5100210,Urban,Yes
18,469163,Urban,No
37,3357044,Urban,Yes
40,5492075,Rural,Yes
21,5386337,Urban,No
44,10571989,Rural,Yes
31,2175505,Rural,Yes
26,5181407,Rural,Yes
20,5937383,Rural,No
39,8723877,Urban,Yes
41,6859832,Rural,Yes
21,4045416,Urban,No
42,6776362,Rural,Yes
18,1730280,Urban,No
32,4669891,Rural,Yes
37,8192612,Rural,Yes
39,6712728,Rural,Yes
26,7441305,Rural,No
42,6903055,Urban,Yes
37,4875461,Urban,Yes
16,4867929,Urban,No
23,4983297,Rural,No
43,7481740,Urban,Yes
21,3679489,Urban,No
17,2538791,Rural,No
35,5319098,Urban,Yes
18,3863848,Rural,No
23,5975382,Urban,No
17,4810952,Rural,No
29,6773564,Rural,Yes
20,4708636,Urban,Yes
17,5170658,Urban,No
20,2175397,Urban,No
32,3943053,Urban,Yes
32,3491134,Rural,Yes
41,5977262,Urban,Yes
18,3451281,Rural,No
40,5478356,Rural,Yes
31,8430151,Urban,Yes
17,2949756,Rural,No
24,2943884,Urban,No
19,2655111,Urban,No
28,6087314,Urban,Yes
30,6072243,Urban,Yes
16,2761938,Urban,No
32,4978756,Urban,Yes
37,6459955,Rural,Yes
28,2123995,Urban,Yes
41,7049144,Rural,Yes
22,4664653,Rural,No
26,5149773,Urban,Yes
33,5433681,Urban,Yes
40,7011739,Rural,Yes
21,3194881,Urban,No
33,4844295,Rural,Yes
22,2324274,Rural,Yes
19,4157410,Urban,No
25,3687357,Rural,No
37,7366453,Rural,Yes
39,4129850,Urban,Yes
28,5458491,Urban,Yes
21,4557960,Urban,Yes
38,7310214,Rural,Yes
43,5281414,Urban,Yes
26,4998157,Urban,Yes
35,5799814,Urban,Yes
33,6824577,Rural,Yes
23,3963347,Urban,No
21,1158614,Urban,No
35,5612284,Rural,Yes
35,7061072,Rural,Yes
44,4128351,Rural,Yes
19,3131515,Rural,No
45,7990531,Rural,No
21,1932859,Urban,No
22,3364828,Urban,No
44,8099407,Rural,Yes
40,6555112,Urban,Yes
37,3801487,Rural,Yes
33,3055804,Rural,Yes
16,1292919,Urban,No
25,3883571,Urban,Yes
31,5294439,Urban,Yes
25,2492756,Rural,Yes
37,3954444,Rural,Yes
18,2919016,Rural,No
35,4411002,Urban,Yes
25,6065611,Rural,No
18,4862636,Rural,No
31,4395013,Urban,Yes
38,6326063,Urban,Yes
33,5145774,Urban,Yes
39,7070606,Urban,Yes
37,6698947,Rural,Yes
44,8911853,Rural,Yes
33,4358175,Rural,Yes
22,2322558,Urban,Yes
25,2589686,Urban,No
41,7297910,Rural,Yes
43,9328150,Rural,Yes
16,3383333,Urban,No
28,2402694,Urban,Yes
28,3883864,Urban,Yes
16,2471299,Rural,Yes
45,8956956,Urban,No
41,8307183,Rural,Yes
32,2294046,Rural,Yes
25,2753242,Rural,No
37,6723025,Urban,Yes
33,4557211,Rural,Yes
35,5874343,Rural,Yes
30,3635418,Rural,Yes
21,2467606,Rural,No
21,1478978,Urban,Yes
26,2935593,Urban,Yes
32,3542030,Urban,Yes
21,1175160,Rural,No
30,5776126,Rural,Yes
31,4447938,Rural,Yes
31,6981698,Rural,Yes
30,5694289,Rural,Yes
21,3064257,Urban,No
45,5834042,Rural,No
35,4253501,Rural,Yes
40,7283180,Rural,Yes
22,3999793,Urban,No
31,3614905,Rural,Yes
42,8594284,Rural,Yes
15,453421,Urban,No
28,2407114,Rural,Yes
40,6934282,Rural,Yes
35,5103414,Rural,Yes
37,7267697,Urban,Yes
29,4970003,Urban,Yes
32,4986189,Urban,Yes
20,3423722,Urban,No
17,2071955,Urban,Yes
18,2715783,Urban,No
37,4453434,Rural,Yes
24,2411618,Rural,No
29,6312045,Rural,Yes
36,6125335,Rural,Yes
17,2836160,Urban,No
35,4041749,Urban,Yes
41,4809618,Urban,Yes
38,7691598,Rural,Yes
23,6048245,Rural,No
39,6036445,Rural,Yes
21,5990211,Urban,No
25,3126270,Rural,No
44,7192857,Rural,Yes
18,2592371,Urban,No
31,4747086,Rural,Yes
41,6580376,Urban,Yes
19,4735599,Urban,Yes
36,6822592,Rural,Yes
44,7085488,Rural,Yes
23,2497100,Urban,No
25,3917306,Urban,No
37,9283426,Rural,Yes
43,9250985,Urban,Yes
15,557210,Urban,No
27,1474842,Urban,No
45,8571042,Urban,No
18,4196196,Urban,No
36,9822852,Rural,Yes
15,3581941,Urban,Yes
19,4539631,Urban,Yes
19,3565573,Urban,No
39,3792989,Urban,Yes
40,9812730,Urban,Yes
20,2316728,Rural,Yes
29,3095477,Rural,Yes
17,3475932,Urban,No
32,5441082,Urban,Yes
29,3148231,Rural,Yes
21,6125090,Rural,No
25,5271622,Urban,Yes
41,9662086,Rural,Yes
39,6638370,Urban,Yes
45,8007724,Urban,No
24,6730017,Rural,Yes
33,4803851,Urban,Yes
24,5079843,Rural,No
37,4280395,Rural,Yes
16,2133550,Rural,No
29,4233182,Urban,Yes
30,6054527,Rural,Yes
40,6602006,Urban,Yes
23,1828668,Urban,No
15,3420064,Rural,No
45,6082021,Urban,Yes
42,7293213,Urban,Yes
31,3893840,Urban,Yes
19,2889548,Urban,No
36,9470352,Urban,Yes
27,3442411,Rural,No
30,4086679,Urban,Yes
16,3241555,Rural,No
40,3568939,Urban,Yes
19,2369785,Urban,No
45,6218777,Rural,Yes
37,6324929,Rural,Yes
27,5333121,Rural,Yes
45,4243840,Rural,No
32,8680415,Urban,Yes
39,7491324,Urban,Yes
27,1502019,Urban,No
26,6350624,Rural,No
33,4746429,Urban,Yes
34,5248004,Urban,Yes
36,7746895,Urban,Yes
39,4717807,Rural,Yes
27,5623103,Rural,Yes
24,4056505,Rural,No
22,2438421,Rural,No
22,2277516,Rural,No
45,6604070,Urban,No
44,7512795,Rural,Yes
33,6686154,Urban,Yes
36,6543670,Rural,Yes
37,6517849,Rural,Yes
27,3514371,Rural,Yes
19,6909257,Rural,No
45,4879039,Rural,No
31,4444554,Rural,Yes
45,7807195,Urban,No
37,6476800,Urban,Yes
27,1213005,Rural,No
22,2325325,Rural,Yes
21,3816160,Urban,No
32,4511749,Urban,Yes
40,5547083,Rural,Yes
22,2387204,Urban,No
43,8351246,Urban,Yes
21,2602753,Rural,No
33,8091980,Urban,Yes
26,6004504,Urban,Yes
32,4497539,Urban,Yes
34,5192133,Urban,Yes
34,7066709,Urban,Yes
35,6972654,Rural,Yes
33,4597499,Rural,Yes
28,2425189,Rural,Yes
15,2798934,Urban,No
22,3281228,Rural,No
16,5902497,Rural,No
25,7648963,Urban,Yes
45,5835848,Rural,Yes
32,2781050,Rural,Yes
34,3770495,Rural,Yes
21,4619746,Urban,No
15,4306015,Rural,Yes
16,3324892,Rural,No
36,3924805,Rural,Yes
34,6065530,Urban,Yes
35,6504531,Rural,Yes
38,889135,Rural,Yes
42,6071128,Rural,Yes
28,5981051,Rural,Yes
21,4752161,Urban,Yes
23,4215089,Urban,No
25,2927410,Rural,No
20,5144388,Rural,No
31,2814339,Urban,Yes
45,6242958,Rural,No
19,4235354,Rural,No
23,3568557,Rural,Yes
21,5543721,Urban,No
42,6156787,Urban,Yes
45,4994499,Rural,No
15,789605,Urban,Yes
18,3172218,Urban,No
24,2437162,Rural,No
22,3779402,Urban,No
18,4988201,Rural,Yes
35,8201926,Rural,Yes
23,3499642,Urban,No
24,6869572,Rural,No
27,4095329,Rural,No
42,6147490,Urban,Yes
17,2890287,Rural,No
45,6583477,Urban,Yes
16,3047879,Rural,Yes
44,8300133,Urban,Yes
44,7541543,Rural,Yes
34,5283963,Urban,Yes
25,5081932,Rural,No
22,4506995,Rural,No
24,260411,Rural,No
34,4292021,Rural,Yes
17,5081055,Urban,No
41,6861772,Rural,Yes
24,5025716,Urban,Yes
21,1114637,Rural,Yes
42,6610150,Urban,Yes
40,7964557,Urban,Yes
29,3570685,Urban,Yes
33,4852441,Urban,Yes
20,967817,Urban,No
28,4695855,Rural,Yes
15,2343583,Rural,Yes
26,5154454,Urban,No
32,7902061,Urban,Yes
39,7547892,Urban,Yes
24,3896808,Urban,No
31,2963110,Urban,Yes
39,9590483,Urban,Yes
42,7357508,Urban,Yes
43,3996858,Rural,Yes
38,5737720,Urban,Yes
24,1548116,Rural,No
24,5043460,Urban,No
44,6621526,Rural,Yes
27,986446,Rural,Yes
42,8562932,Rural,Yes
36,4652688,Rural,Yes
16,663769,Urban,No
35,4696035,Urban,Yes
19,4812008,Urban,No
41,5581332,Rural,Yes
17,3719330,Rural,Yes
42,8216829,Rural,Yes
36,7345443,Urban,Yes
30,6576605,Rural,Yes
38,4683918,Rural,Yes
15,2852233,Urban,No
19,2749582,Rural,No
37,9235711,Rural,Yes
22,1904840,Rural,No
20,994200,Rural,No
38,4060868,Urban,Yes
32,6983102,Urban,Yes
34,4942021,Rural,Yes
31,6052871,Urban,Yes
43,6856299,Urban,Yes
40,6638379,Rural,Yes
17,3757901,Rural,No
30,5291245,Urban,Yes
31,5948741,Urban,Yes
34,4199173,Urban,Yes
18,1648246,Urban,No
44,7767058,Rural,Yes
37,5624320,Rural,Yes
19,3035467,Rural,Yes
44,8792984,Rural,Yes
17,3402155,Rural,No
42,8002710,Urban,Yes
41,5625741,Rural,Yes
40,8540876,Rural,Yes
21,4937810,Urban,Yes
32,6826662,Rural,Yes
16,2007651,Rural,No
19,3016993,Urban,Yes
33,6021465,Rural,Yes
43,8768885,Rural,Yes
32,4578653,Rural,Yes
33,4233586,Urban,Yes
34,5099395,Rural,Yes
15,1670870,Urban,No
44,7825194,Urban,Yes
24,1880660,Urban,No
24,3013443,Rural,Yes
26,4661965,Rural,No
19,499797,Urban,Yes
29,5631405,Rural,Yes
35,5438845,Rural,Yes
28,5862406,Rural,Yes
28,2628514,Rural,Yes
17,3192290,Rural,No
29,3753426,Urban,Yes
39,6330347,Rural,Yes
28,4450935,Rural,Yes
22,4472523,Urban,Yes
45,7000885,Rural,No
38,8076879,Rural,Yes
33,3009658,Rural,Yes
18,5939113,Urban,No
44,5266272,Rural,Yes
33,4727084,Rural,Yes
28,4324046,Urban,Yes
25,4861438,Urban,No
41,7903699,Urban,Yes
35,2869582,Urban,Yes
25,3205780,Urban,No
25,5251670,Urban,No
20,2384549,Rural,No
37,5044905,Urban,Yes
29,3978377,Rural,Yes
42,7626322,Rural,Yes
31,5690201,Rural,Yes
45,5896409,Rural,No
29,9542022,Rural,Yes
36,5724411,Rural,Yes
35,4798558,Rural,Yes
18,2457256,Rural,No
24,1477098,Rural,No
17,3908887,Urban,Yes
20,3488857,Urban,Yes
20,2119120,Urban,Yes
15,798862,Urban,No
33,7092413,Urban,Yes
32,5994885,Urban,Yes
38,8064394,Urban,Yes
35,5612065,Rural,Yes
36,6520174,Urban,Yes
25,2526581,Urban,Yes
19,5032277,Urban,No
25,3455885,Rural,No
25,2405232,Rural,No
36,6068044,Urban,Yes
16,1073337,Rural,No
32,2660793,Urban,Yes
19,2776023,Rural,No
18,2404874,Rural,No
20,2752688,Urban,Yes
21,3889235,Urban,No
35,5837866,Urban,Yes
35,4877577,Urban,Yes
38,7843965,Urban,Yes
37,3414715,Rural,Yes
44,4360184,Urban,Yes
36,6280007,Urban,Yes
28,3943795,Rural,Yes
21,3022505,Rural,Yes
19,3861885,Rural,No
19,2960709,Rural,No
24,6489937,Rural,No
30,3443959,Rural,Yes
43,6078182,Urban,Yes
27,4748890,Rural,No
28,4645164,Rural,Yes
15,5773680,Rural,No
30,3527091,Urban,Yes
28,3544716,Rural,Yes
20,4812365,Urban,No
16,3027197,Urban,No
27,4466678,Urban,No
37,3401283,Rural,Yes
45,8045024,Rural,No
25,3242419,Rural,No
18,5859287,Rural,Yes
26,3244830,Rural,No
42,8394917,Rural,Yes
19,2707582,Urban,No
34,2496352,Rural,Yes
26,3127411,Rural,No
28,3643597,Rural,Yes
33,6958986,Rural,Yes
16,5321612,Rural,No
27,1692649,Urban,No
39,9232053,Rural,Yes
21,4121987,Urban,Yes
40,6935853,Urban,Yes
26,5604776,Rural,No
21,3546278,Rural,Yes
24,5793609,Rural,No
36,5582900,Urban,Yes
37,4138276,Rural,Yes
32,6122096,Urban,Yes
24,5434009,Urban,No
42,5197116,Rural,Yes
37,4576423,Urban,Yes
27,8940438,Rural,No
15,4795612,Rural,No
20,5733050,Rural,No
23,2957005,Rural,No
20,3420332,Urban,No
21,4954877,Rural,Yes
28,4434701,Rural,Yes
43,5953924,Rural,Yes
25,2429041,Urban,No
32,6586880,Urban,Yes
27,3302935,Rural,No
32,5687571,Rural,Yes
24,3514453,Rural,No
34,4314123,Urban,Yes
28,5759327,Urban,Yes
33,4688401,Rural,Yes
16,2667089,Urban,No
35,6420430,Urban,Yes
28,4782872,Urban,Yes
41,6140719,Urban,Yes
17,1371911,Rural,No
30,3744075,Urban,Yes
23,6298318,Rural,Yes
34,4924611,Rural,Yes
18,3633754,Rural,No
23,5032745,Rural,No
20,740455,Urban,No
29,7613492,Urban,Yes
33,3991695,Rural,Yes
22,3255500,Rural,No
26,3991496,Urban,No
21,4058523,Urban,Yes
27,4823153,Urban,No
31,3234968,Urban,Yes
34,7027561,Urban,Yes
29,3164883,Rural,Yes
26,3894932,Urban,No
42,6754094,Rural,Yes
30,5152571,Urban,Yes
19,1329070,Rural,No
42,8039344,Rural,Yes
44,6740517,Urban,Yes
42,7434698,Urban,Yes
29,4899041,Urban,Yes
15,2961536,Urban,No
22,4749714,Urban,No
45,6777383,Rural,No
18,2006362,Rural,No
27,2297997,Rural,Yes
26,558952,Rural,Yes
24,2059794,Rural,Yes
24,2128292,Urban,No
43,5811495,Urban,Yes
18,3266233,Rural,No
18,2481170,Rural,No
25,2253670,Urban,No
35,3720381,Urban,Yes
24,1317956,Rural,No
40,6098292,Rural,Yes
31,6646039,Rural,Yes
31,4269155,Urban,Yes
45,9525062,Rural,No
18,1815290,Rural,No
35,5579622,Rural,Yes
29,5165737,Urban,Yes
38,4328777,Rural,Yes
33,7197783,Rural,Yes
22,3377294,Urban,No
27,3515766,Urban,No
42,6646180,Rural,Yes
31,7483122,Rural,Yes
23,5067182,Urban,No
37,5602018,Urban,Yes
30,5085753,Urban,Yes
21,1768366,Urban,No
32,4502093,Rural,Yes
38,6220813,Urban,Yes
17,3329354,Urban,No
19,3296461,Rural,No
32,5411777,Urban,Yes
45,5527566,Urban,No
25,1183804,Urban,No
25,6294571,Rural,No
41,6005106,Rural,Yes
39,5537929,Urban,Yes
23,2111623,Urban,No
22,4894164,Rural,No
19,4775146,Rural,No
19,1601606,Urban,No
38,7756295,Urban,Yes
25,2358670,Urban,Yes
32,5045615,Rural,Yes
36,8323779,Urban,Yes
37,6885805,Rural,Yes
40,10014199,Urban,Yes
20,2199089,Urban,No
17,3337269,Urban,No
41,6708154,Urban,Yes
16,3093705,Rural,Yes
33,5843415,Urban,Yes
34,4534390,Urban,Yes
28,3375085,Rural,Yes
23,3590082,Urban,Yes
30,3751777,Urban,Yes
22,2921270,Rural,Yes
24,4540966,Urban,No
18,2217314,Urban,No
42,6794757,Rural,Yes
30,5621084,Urban,Yes
41,4931056,Urban,Yes
45,6822614,Rural,No
27,4776256,Urban,No
37,3845905,Rural,Yes
17,3419869,Rural,No
37,6320872,Rural,Yes
34,5183244,Urban,Yes
16,1505644,Urban,No
17,3729106,Rural,No
34,3840386,Rural,Yes
17,2312566,Urban,Yes
45,6012248,Rural,No
44,5670635,Urban,Yes
32,4645546,Urban,Yes
43,3870861,Urban,Yes
42,6170311,Urban,Yes
37,7841269,Urban,Yes
36,10516499,Rural,Yes
38,3739265,Rural,Yes
22,2954601,Urban,No
34,6797453,Rural,Yes
22,5131216,Urban,No
36,5593850,Rural,Yes
16,1069863,Urban,No
45,9357906,Urban,No
15,1722641,Urban,No
19,6061828,Urban,No
38,5239905,Rural,Yes
26,3299554,Rural,No
38,3200972,Urban,Yes
30,4583456,Rural,Yes
27,5011065,Rural,No
19,3857472,Rural,No
44,6737349,Rural,Yes
27,5074939,Urban,No
39,6450639,Urban,Yes
28,5188313,Rural,Yes
24,5877837,Rural,No
43,8116405,Rural,Yes
35,7189660,Urban,Yes
24,4222651,Rural,No
36,5883468,Rural,Yes
20,4574227,Urban,No
24,4196550,Urban,No
16,4486219,Rural,Yes
17,2072911,Urban,Yes
38,5889275,Rural,Yes
26,4405668,Urban,No
35,4917098,Rural,Yes
41,6468363,Urban,Yes
42,4737128,Rural,Yes
37,4741146,Urban,Yes
33,5858861,Rural,Yes
38,7080709,Urban,Yes
24,3673589,Rural,No
16,2148638,Rural,No
19,2150803,Rural,No
34,5579716,Rural,Yes
43,7901461,Urban,Yes
23,3035758,Urban,No
45,8271566,Rural,No
34,5409928,Urban,Yes
33,8440498,Urban,Yes
44,7597965,Rural,Yes
17,169239,Rural,No
43,4409427,Urban,Yes
15,3094938,Rural,No
20,2997568,Rural,Yes
20,5264177,Rural,No
15,1694013,Rural,No
27,3657058,Rural,No
30,4864268,Urban,Yes
26,5747130,Rural,Yes
31,5117912,Rural,Yes
41,5734250,Rural,Yes
22,5046282,Urban,No
18,3514175,Rural,No
27,4910226,Urban,No
33,8949968,Urban,Yes
39,5647706,Rural,Yes
15,4239079,Urban,No
23,4027339,Rural,No
24,4357582,Urban,No
30,3703952,Rural,Yes
33,2823634,Rural,Yes
40,6699560,Urban,Yes
19,2083855,Urban,No
33,6977221,Urban,Yes
25,4876465,Urban,No
22,3379621,Urban,No
19,5765111,Rural,No
42,6065755,Urban,Yes
41,7486032,Urban,Yes
43,7467196,Rural,Yes
20,4403744,Urban,Yes
24,3563190,Rural,No
24,5672014,Rural,No
21,4299713,Rural,No
30,5243406,Urban,Yes
16,2083410,Urban,No
15,967751,Rural,No
31,5886356,Rural,Yes
24,2699682,Urban,No
44,7425383,Rural,Yes
43,7378940,Rural,Yes
24,1617949,Urban,Yes
43,6884490,Rural,Yes
36,7481562,Urban,Yes
38,5499126,Rural,Yes
43,7628759,Urban,Yes
21,6938514,Urban,No
19,4748482,Rural,No
45,7327276,Rural,Yes
32,6784765,Rural,Yes
45,6985811,Rural,No
31,7789937,Urban,Yes
40,5388686,Rural,Yes
45,7833925,Rural,No
34,4810217,Rural,Yes
19,4517042,Urban,No
15,274768,Rural,No
19,2340758,Urban,No
18,4624464,Rural,No
36,5462481,Urban,Yes
44,8521764,Rural,Yes
34,5739446,Urban,Yes
31,5747923,Urban,Yes
41,4294952,Urban,Yes
24,5427917,Rural,No
26,4057672,Urban,Yes
32,4235888,Urban,Yes
27,4204733,Urban,No
18,35174,Urban,No
38,6881556,Urban,Yes
37,7752509,Urban,Yes
21,2855199,Urban,No
23,3818685,Rural,No
37,7772375,Rural,Yes
40,8949675,Urban,Yes
22,1341571,Urban,No
23,5875122,Urban,Yes
36,6635721,Rural,Yes
22,4172458,Urban,No
26,4111122,Rural,No
19,2536952,Urban,No
26,5914060,Urban,Yes
27,3633562,Rural,No
39,5948576,Rural,Yes
21,3485741,Rural,No
42,7410909,Urban,Yes
27,1971024,Rural,Yes
16,1618727,Rural,No
23,3373120,Urban,Yes
28,4486769,Rural,Yes
26,5011707,Urban,No
23,4040118,Rural,No
21,2171346,Urban,No
26,4022435,Rural,Yes
16,5333866,Rural,No
37,7167462,Urban,Yes
15,2972439,Urban,No
44,6431327,Urban,Yes
29,5219618,Urban,Yes
16,3289141,Urban,No
15,3076785,Rural,No
17,436715,Rural,No
30,6690671,Urban,Yes
29,3901341,Urban,Yes
17,4328900,Rural,No
35,5241781,Rural,Yes
23,4644440,Urban,No
45,5797752,Urban,No
20,4892989,Urban,Yes
18,1249849,Urban,Yes
36,7194493,Rural,Yes
27,3245439,Urban,No
34,6799000,Rural,Yes
25,8130217,Urban,No
23,3040346,Urban,No
43,7383331,Urban,Yes
35,8234060,Rural,Yes
22,1973888,Rural,No
21,1605218,Urban,Yes
20,4746767,Urban,No
40,7278270,Urban,Yes
26,6173595,Urban,No
39,5901555,Rural,Yes
23,3580786,Urban,No
35,7130933,Urban,Yes
43,10084041,Urban,Yes
25,1460789,Urban,No
29,4633997,Rural,Yes
24,6881492,Urban,Yes
35,5450983,Urban,Yes
19,4056270,Rural,No
45,7224619,Rural,Yes
25,5073968,Urban,No
37,5612074,Rural,Yes
31,6044716,Urban,Yes
33,6861308,Urban,Yes
19,3829604,Urban,No
24,3191874,Rural,No
26,723940,Urban,Yes
28,5178266,Rural,Yes
23,4183461,Rural,Yes
32,8649656,Rural,Yes
27,5395765,Urban,No
27,3940270,Rural,No
41,,Rural,Yes
19,5186661,Urban,No
37,7058258,,Yes
32,5980041,Rural,Yes
21,3935245,Rural,No
17,3778832,Urban,No
36,3107353,,Yes
21,,Urban,No
45,4994102,Urban,No
32,1164672,Rural,Yes
22,5868968,Urban,No
30,3810219,Rural,Yes
28,3180038,Urban,Yes
44,,Urban,Yes
16,56920,Urban,No
17,1770383,,No
40,6937929,Rural,Yes
27,2721951,Rural,No
20,4848561,,No
38,6665314,Urban,Yes
40,,Urban,Yes
35,3852166,Urban,Yes
35,3160643,Rural,Yes
29,7259722,,Yes
20,5863237,Urban,No
26,7571857,Urban,No
37,,Urban,Yes
17,2166238,Rural,No
28,3835209,Urban,Yes
22,713577,Rural,No
37,4200991,,Yes
30,,Urban,Yes
26,3600819,Urban,No
23,3011640,Urban,No
25,3304795,Rural,No
44,9285054,Rural,Yes
33,5994993,Urban,Yes
15,2700628,Rural,Yes
45,,Rural,No
31,5192863,Urban,Yes
20,2260682,Rural,No
29,1912782,,Yes
21,3158333,Urban,No
18,623395,Urban,No
29,,,Yes
36,5313993,Rural,Yes
29,5117850,Rural,Yes
39,3689927,Urban,Yes
15,2992477,Rural,No
22,,Urban,Yes
31,7421911,Urban,Yes
22,3183271,Rural,No
18,624674,Rural,No
31,4767538,,Yes
22,,Urban,Yes
18,628770,Rural,Yes
18,1681886,Urban,No
29,7368042,Rural,Yes
39,6521703,Urban,Yes
43,,Urban,Yes
26,3681520,Rural,No
34,6488616,Urban,Yes
18,1575425,Rural,Yes
